Sku,hs_code (int),Weight (kg),Height (m),Width (m),Length (m),Iced (bool),$/unit ($),origin_country
AAB11040,'02936290',0.5,5.2,1.9,1.9,0,1.91,US
AAM00100,'03507900',0.55,5.1,3.1,3.1,0,2.17,US
AAM00101,'03507900',0.3,5,2.5,2.5,0,3.44,US
AAM00102,'03507900',0.3,5,2.6,2.6,0,2.50,US
AAM00104,'03507900',0.2,4.3,2.4,2.4,0,1.63,US
AAM00105,'03507900',0.2,4.2,2.3,2.3,0,1.05,US
AAM00107,'03507900',0.6,5.1,3.1,3.1,0,12.14,US
AAM00108,'03507900',0.25,5,2.5,2.5,0,1.12,US
AAM00128,'03507900',0.3,5,2.6,2.6,0,2.80,US
AAM00159,'03507900',0.15,4.2,2.3,2.3,0,0.89,US
AAM00166,'03507900',0.3,5,2.6,2.6,0,1.41,US
AAM00175,'03507900',0.25,5,2.6,2.6,0,1.03,US
AAM00177,'02106900',0.15,4.3,2.4,2.4,0,1.52,US
ABS00130,'02936290',0.1,3.5,1.9,1.9,0,1.12,US
AKF00619,'02936290',0.15,1,1.9,3.8,0,32.50,US
ALG33133,'02106900',0.9,5,2.2,2.2,0,3.29,US
ALG33137,'02106900',1.75,6.7,2.9,2.9,0,4.46,US
ALG73660,'01211900',0.25,4.6,2.4,2.4,0,2.71,US
ALG74140,'09018500',0.15,3.9,2.2,2.2,0,5.71,US
ALG75380,'02936290',0.25,3.8,2.2,2.2,0,59.23,US
ALG75400,'01211900',0.05,2.8,1.5,1.5,0,1.35,US
ALG76650,'02936290',0.2,4.4,2.4,2.4,0,9.00,US
ALL00009,'01211900',0.1,3.4,1.8,1.8,0,0.93,US
ALO40200,'02936290',2.45,6.9,5.1,5.1,0,5.04,US
AMD00504,'02106900',0.85,2.4,5,6.5,0,1.78,US
AMG00052,'02106900',2.1,7,5.1,5.1,0,1.17,US
AMG00053,'02106900',2.05,7.2,5.5,5.5,0,0.56,US
AMG00054,'02106900',2.05,7.1,5,5,0,0.64,US
AMG00055,'02106900',2.05,7,5.1,5.1,0,1.23,US
AMG00056,'02106900',1.9,7,5,5,0,1.35,US
AMG00057,'02106900',1.7,7,5,5,0,0.78,US
AMG00059,'02106900',2.5,7.1,5,5,0,2.60,US
AMG00084,'02106900',2.05,7.1,5,5,0,2.41,US
AMG00087,'02106900',2.05,7.1,5,5,0,0.71,US
AMG00354,'02106900',2.05,7.1,5,5,0,1.51,US
AMT00387,'01211900',0.5,1.8,1.8,5.4,0,0.82,US
AMY00502,'02104100',1.05,4.4,3,3,0,21.66,US
AOR08021,'02936290',0.5,5.5,3,3,0,2.92,US
AOR08077,'02936290',0.75,6,3.1,3.1,0,4.11,US
AOR08089,'02106900',0.3,4.2,2.5,2.5,0,0.39,US
AOR08138,'02936290',0.06,3.7,2.1,2.1,0,3.47,US
AOR08153,'02936290',0.45,3.1,3.1,5.6,0,1.53,US
AOR08259,'02106900',0.2,4.2,2.5,2.5,0,15.90,US
AOR08330,'09504900',0.15,3.7,2.1,2.1,0,6.50,US
APF00001,'02936290',0.1,3.3,1.8,1.8,0,6.92,US
APF00006,'02936290',0.15,3.7,2,2,0,8.12,US
APF00013,'02936290',0.35,4.4,2.4,2.4,0,29.98,US
APF00021,'02936290',0.05,3.3,1.8,1.8,0,5.00,US
ARG50530,'02936290',0.1,3.9,2.2,2.2,0,0.44,US
ARG50810,'02936290',0.25,4.4,2.4,2.4,0,2.41,US
ARG51080,'02936290',0.5,5.3,2.9,2.9,0,1.33,US
ARG51650,'02936290',1.4,7.3,5,5,0,2.69,US
ARG51950,'02936290',0.15,4,2.2,2.2,0,0.51,US
ARG52080,'02936290',0.25,4.6,2.5,2.5,0,6.84,US
ARG52160,'02936290',0.1,3,1.6,1.6,0,0.44,US
ARG52560,'02936290',0.25,4.6,2.5,2.5,0,3.73,US
ARG53660,'01211900',0.25,4.6,2.5,2.5,0,0.14,US
ARG53870,'02106900',0.9,6.3,3.2,3.2,0,3.00,US
ARG54120,'01211900',0.3,2.6,2.6,4.8,0,4.01,US
ARG54140,'02936290',0.15,4,2.2,2.2,0,1.17,US
ARG55140,'02936290',0.45,5.4,2.9,2.9,0,1.64,US
ARG55380,'03507900',0.25,3.9,2.2,2.2,0,5.64,US
ARG55390,'02936290',0.2,3.6,2,2,0,1.77,US
ARG55400,'01211900',0.05,2.9,1.5,1.5,0,0.11,US
ARG55670,'02309900',0.15,4.4,2.4,2.4,0,12.24,US
ARG55760,'02936290',1,3.7,3.7,4.5,0,5.19,US
ARG55790,'02936290',0.2,4,2.2,2.2,0,10.91,US
ARG56430,'02936290',0.1,3,1.7,1.7,0,1.67,US
ARG56670,'02936290',0.1,3.4,1.8,1.8,0,0.46,US
ARG56680,'02936290',0.6,5.4,2.8,2.8,0,2.14,US
ARG56710,'01211900',0.45,3.6,3.4,3.4,0,1.30,US
ARG56760,'02936290',0.55,5.5,2.7,2.7,0,1.32,US
ASS00257,'02106900',3,7.6,5.5,5.5,0,3.32,US
ASS00275,'02936290',1.05,6.4,3.8,3.8,0,1.06,US
ASS00282,'02106900',2.4,10,6,6,0,5.50,US
ASS00283,'02106900',2.4,5.9,10,10,0,1.89,US
ASS00284,'02106900',2.35,10,5.9,5.9,0,9.16,US
ASS00285,'02106900',2.4,9.9,6,6,0,1.45,US
ASS00297,'02106900',0.3,5.3,2.8,2.8,0,10.99,US
ASS00299,'02106900',0.45,4.7,2.4,2.4,0,0.39,US
ATR02928,'02936290',1.15,6.2,3.2,3.2,0,1.02,US
ATR02929,'02936290',0.35,4.5,2.4,2.4,0,0.11,US
ATR02934,'02936290',0.65,5.3,3,3,0,0.84,US
AUR88830,'03301290',0.45,4.5,1.9,1.9,0,12.40,US
AUR91136,'03301290',0.1,1,1,2.9,0,2.20,US
AUR91175,'03401300',1,8.3,2.4,2.4,0,2.02,US
AUR91209,'03301290',0.1,2.5,0.8,0.8,0,2.29,US
AUR91210,'03301290',0.1,2.5,0.9,0.9,0,0.59,US
BAR61016,'02106900',0.6,5.1,2.8,2.8,0,0.84,US
BAR61018,'02106900',0.3,4.5,2.5,2.5,0,3.93,US
BDE00144,'03304300',0.55,9.7,1.6,5.1,0,0.55,US
BEE91020,'00409000',1.65,4.8,2.9,2.9,0,9.17,US
BEL11050,'02936290',0.4,5.7,3,3,0,4.28,US
BFN00033,'02008190',1,4.9,4.4,2.8,0,5.30,US
BIV01295,'02106900',0.15,4,2,2,0,4.05,US
BIV73528,'02106900',0.15,2,2,4.2,0,7.50,US
BLB00014,'02936290',1,5.9,3.1,3.1,0,2.82,US
BLB00106,'02936290',1.4,3.2,3.2,5.9,0,3.53,US
BLB00322,'02936210',0.75,5.1,2.8,2.8,0,2.52,US
BLB00342,'03304990',0.8,5,2.6,2.6,0,0.84,US
BLB00533,'02936290',1.05,5.5,3,3,0,1.81,US
BLB00873,'02009890',0.4,4,2.1,2.1,0,1.14,US
BLB00879,'02933990',0.5,4.4,2.4,2.4,0,1.23,US
BLB01121,'02106900',1.1,5.9,3.2,3.2,0,4.84,US
BLB01264,'02936290',0.45,2.4,2.4,4.4,0,30.98,US
BLB01313,'02008990',0.5,4.4,2.4,2.4,0,3.64,US
BLB01395,'02106900',0.5,2.6,2.6,4.8,0,2.29,US
BLB01561,'02106900',2.6,10,6,6,0,2.95,US
BLB01565,'02106900',2.35,5.9,5.9,10,0,1.16,US
BLB01569,'02106900',2.4,10,5.9,5.9,0,2.04,US
BLB01573,'02106900',2.4,10,5.9,5.9,0,11.59,US
BLB01577,'02106900',2.4,5.9,5.9,10,0,4.07,US
BLB01601,'02106900',2.45,10,5.8,5.8,0,12.74,US
BLB01605,'02106900',2.45,9.9,5.9,5.9,0,2.43,US
BLB01609,'02106900',2.45,10,5.9,5.9,0,3.72,US
BLB01814,'02106900',3.05,9.8,5.9,5.9,0,14.25,US
BOR00070,'03304990',0.25,2.2,2.2,2.2,0,0.21,US
BOR00600,'03304990',0.4,2.1,2.5,2.5,0,0.34,US
BOR00610,'03304990',0.4,2,2.3,2.5,0,1.53,US
BOR00629,'03401300',0.25,1.9,3.2,3.2,0,1.85,US
BOR00631,'03304990',0.35,5.2,1.5,1.5,0,2.62,US
BOR00633,'03304990',0.35,5.3,1.5,1.6,0,0.22,US
BOR00725,'03304990',0.35,5.2,1.6,1.7,0,5.91,US
BOR00805,'03304990',0.4,2,2.4,2.4,0,2.03,US
BOR00846,'03304990',0.1,4.7,1.4,1.4,0,0.96,US
BOR00940,'03304990',0.05,0.8,2.8,0.8,0,3.54,US
BPL00200,'02008190',0.5,2.9,2.9,5.8,0,30.00,US
BRK00001,'01905900',0.8,7.2,4.5,1.5,0,30.00,US
BRY00004,'02106900',0.5,5.2,1.8,1.8,0,7.18,US
BRY32331,'02936290',0.2,4,1.3,1.3,0,0.27,US
BRY39511,'02936290',0.5,5.2,1.9,1.9,0,1.06,US
BRY46495,'02936290',0.15,4,1.3,1.3,0,2.08,US
BSN00151,'03504000',2.8,6.7,5.2,5.2,0,0.71,US
BSN00152,'03504000',1.45,5.4,4.2,4.2,0,0.18,US
BSN00154,'03504000',2.8,6.7,5.2,5.2,0,1.32,US
BSN00155,'03504000',1.45,5.4,4.2,4.2,0,0.86,US
BSN00157,'03504000',2.8,6.7,5.2,5.2,0,2.31,US
BSN00158,'03504000',1.45,5.4,4.2,4.2,0,11.68,US
BSN00159,'03504000',2.8,6.7,5.2,5.2,0,2.10,US
BSN00160,'03504000',1.45,5.4,4.2,4.2,0,4.17,US
BSN00165,'03504000',2.8,6.7,5.2,5.2,0,1.88,US
BSN00190,'02106900',0.25,4.4,2.5,2.5,0,0.82,US
BSN00197,'03504000',1.45,5.4,4.2,4.2,0,2.34,US
BSN00201,'03504000',1.45,5.4,4.2,4.2,0,2.65,US
BSN00212,'02106900',1.4,6,5,5,0,2.10,US
BSN00217,'02106900',1.4,6,5,5,0,3.94,US
BSN00222,'02106900',1.4,6,5,5,0,2.52,US
BSN00291,'02106900',0.9,4.2,4.2,5.3,0,21.40,US
BSN00615,'02106900',3.35,10,5.8,5.8,0,3.72,US
BSN00620,'02106900',3.35,5.7,5.7,10,0,0.94,US
BSN00630,'02106900',3.3,10,5.7,5.7,0,3.50,US
BSN00635,'02106900',3.35,10,5.7,5.7,0,0.45,US
BSN00645,'02106900',3.3,10,5.6,5.6,0,0.21,US
BSN00851,'02106900',1.7,8.5,5.2,5.2,0,3.13,US
BSN06326,'02936290',2.7,8.5,5.2,5.2,0,2.14,US
BSN06330,'02936290',2.7,8.5,5.2,5.2,0,3.24,US
BSN06338,'02936290',2.7,8.5,5.2,5.2,0,2.85,US
BSN06610,'02106900',2.45,10,5.7,5.7,0,5.53,US
BSN06615,'02106900',2.45,10,5.7,5.7,0,3.13,US
BSN06620,'02106900',2.5,10,5.7,5.7,0,18.80,US
BSN07620,'02106900',4.8,10.9,7.9,7.9,0,2.82,US
CAR00382,'02936290',0.75,5.7,3.1,3.1,0,0.71,US
CAR00422,'02008970',0.35,4.3,2.3,2.3,0,3.25,US
CAR00771,'02936290',0.35,4.4,2.5,2.5,0,0.24,US
CAR00772,'02936290',0.75,5.7,2.9,2.9,0,0.04,US
CAR00882,'01515900',0.25,4.1,2,2,0,4.89,US
CAR01001,'02936290',0.15,4.3,2.3,2.3,0,4.04,US
CAR01512,'02106900',0.9,6.1,3.1,3.1,0,0.36,US
CAR01522,'02106900',1,6.2,3.1,3.1,0,2.27,US
CAR01545,'02106900',2,2,3.5,8.5,0,0.80,US
CAR01552,'02106900',0.75,6,3,3,0,2.54,US
CAR01581,'02106900',0.65,5.1,2.8,2.8,0,1.28,US
CAR01655,'02106900',2.05,8.6,3.3,2,0,9.55,US
CAR01681,'02106900',0.5,5.1,2.8,2.8,0,3.93,US
CAR01712,'02106900',0.85,6.1,3.1,3.1,0,9.17,US
CAR01802,'02106900',0.7,6.2,3.2,3.2,0,9.30,US
CAR03084,'02936290',2.45,6.4,5,5,0,4.09,US
CAR03344,'02936290',2.45,6.4,4.9,4.9,0,12.83,US
CAR04002,'02936290',1,3.1,3.1,6.2,0,1.31,US
CAR04051,'02936290',0.65,5.2,2.8,2.8,0,5.63,US
CAR04052,'02936290',0.95,6.2,3.2,3.2,0,25.00,US
CAR04424,'02936290',1.25,6.5,3.4,3.4,0,15.58,US
CAR04432,'02936290',0.95,5.8,3.1,3.1,0,3.65,US
CAR04822,'03926900',0.65,5.2,2.8,2.8,0,3.78,US
CAR04852,'02936290',0.45,2.9,2.9,5.1,0,3.26,US
CAR07051,'02936290',0.35,4.8,2.7,2.7,0,3.91,US
CAR17339,'02106900',0.9,3.2,3.2,6.1,0,62.00,US
CAR81030,'01211900',0.35,5.2,2.9,2.9,0,8.74,US
CAS13473,'01904100',0.6,5.5,6,1.7,0,36.67,US
CBI38064,'01904100',2.65,2.2,6.5,7.2,0,2.15,US
CBI38065,'01904100',2.7,7,6.5,2.2,0,2.35,US
CBI38067,'01904100',2.75,7.1,6.5,2.3,0,8.60,US
CBI38068,'01904100',2.75,2.3,6.4,7,0,1.78,US
CBI38069,'01904100',2.65,7,6.4,2.2,0,17.20,US
CDL10100,'02106900',0.2,1.2,1.2,3.8,0,2.04,US
CEN22291,'02106900',1.2,5.8,3.7,3.7,0,2.33,US
CLF01037,'02936290',1.25,6.1,3.4,3.4,0,1.79,US
CLF01082,'02936290',0.6,4.7,2.6,2.6,0,1.69,US
CLF01083,'02936290',1.05,5.8,3.2,3.2,0,4.74,US
CLF01600,'02936290',1.25,5.5,2.9,2.9,0,0.81,US
CLF01697,'02936290',0.2,3.3,1.8,1.8,0,2.35,US
CLF01711,'02106900',1,5.5,2.9,2.9,0,1.01,US
CLF01717,'02936290',0.35,3.8,2.1,2.1,0,1.85,US
CLF03527,'08506100',0.85,5.1,2.6,2.6,0,3.21,US
CLF04121,'02106900',1.3,6,3.3,3.3,0,0.81,US
CLF05027,'02936290',0.9,5.1,2.7,2.7,0,1.17,US
CLF06416,'02936290',0.8,5.4,3,3,0,0.11,US
CLF07311,'02936290',0.25,3.5,2,2,0,4.43,US
CLF07543,'02936290',0.6,4.3,2.3,2.3,0,12.40,US
CLF07833,'02936290',0.6,4.2,2.4,2.4,0,3.65,US
CLF09103,'02936290',0.85,2.7,2.7,5.3,0,1.55,US
CLF09105,'02936270',0.85,2.7,2.7,5.4,0,0.47,US
CLF09121,'03304990',2.45,8.5,3.5,3.5,0,0.77,US
CRO88506,'01211900',1.75,6.7,2.9,2.9,0,2.86,US
CRO88528,'02936290',1.75,6.7,2.9,2.9,0,8.67,US
CRO88552,'00703200',1.65,6.8,2.9,2.9,0,30.00,US
CVR13109,'02936290',0.4,5.4,2.9,2.9,0,1.63,US
CYT50310,'02106900',2.9,9.6,5.6,5.6,0,4.38,US
CYT50320,'02106900',2.85,9.6,5.4,5.4,0,5.70,US
CYT50420,'02106900',2.9,5.6,5.6,9.6,0,19.00,US
CYT50570,'02106900',2.9,9.5,5.6,5.6,0,28.50,US
DHD00100,'06505000',0.1,4.1,2,2,0,4.29,US
DRA00006,'02936290',0.3,4.6,1.5,1.5,0,2.89,US
DRA00007,'01211900',0.3,4.6,1.5,1.5,0,7.07,US
DRA00009,'01211900',0.3,4.6,1.5,1.5,0,2.50,US
DRA00010,'02106900',0.3,4.6,1.5,1.5,0,2.89,US
DRA00017,'01211900',0.3,4.6,1.5,1.5,0,3.44,US
DRA00105,'01211900',0.15,3.8,2.1,2.1,0,1.53,US
DRA00109,'01211900',0.2,3.8,2.1,2.1,0,21.67,US
DRA00112,'01211900',0.2,3.7,2,2,0,0.82,US
DRA00193,'03926900',0.2,3.8,2.1,2.1,0,1.14,US
DRA00516,'02936290',0.15,3.8,2.1,2.1,0,11.15,US
DRA00517,'02936290',0.15,3.7,2.1,2.1,0,2.50,US
DRA00560,'01211900',0.15,3.8,2.1,2.1,0,15.40,US
DRA00588,'02106900',0.25,2,2.1,2.1,0,0.41,US
DRA00682,'02106900',0.4,3.7,2.2,2.2,0,3.10,US
DRA00686,'02106900',0.75,5.8,3.6,3.6,0,5.36,US
DRA00827,'07013990',0.25,4.1,2.6,2.6,0,10.83,US
DRB00107,'02106900',0.25,4.4,2.4,2.4,0,0.02,US
DRB00154,'02936290',0.5,5.2,3.1,3.1,0,0.09,US
DRB00165,'02936290',0.15,3.9,2.1,2.1,0,0.16,US
DRB00170,'01211900',0.15,2.1,2.1,3.9,0,0.05,US
DRB00181,'02936290',0.1,3.7,2.1,2.1,0,0.24,US
DRB00190,'03507900',0.35,5.1,3.1,3.1,0,0.26,US
DRB00195,'02106900',0.4,5,2.5,2.5,0,0.10,US
DRB00196,'02936290',0.2,2,2,3.8,0,0.26,US
DRB00220,'02936290',0.3,4.3,2.4,2.4,0,0.25,US
DRB00228,'02936290',0.4,5.3,2.9,2.9,0,0.02,US
DRB00229,'02936290',0.15,4.3,2.4,2.4,0,0.27,US
DRB00230,'02106900',0.4,5.1,2.9,2.9,0,0.10,US
DRB00231,'03507900',0.2,2,2,3.7,0,0.03,US
DRB00252,'02936290',0.25,2,3.3,6.1,0,0.04,US
DRB00253,'03507900',0.3,2.6,2.6,5.1,0,0.13,US
DRB00260,'02106900',0.7,5.6,3.1,3.1,0,0.48,US
DRB00269,'02936290',0.3,5,2.6,2.6,0,0.68,US
DRB00278,'02936290',0.1,3.6,2.1,2.1,0,0.14,US
DRB00307,'03507900',0.5,5.3,3.1,3.1,0,0.39,US
DRB00327,'02936290',1.05,6.5,3.2,3.2,0,0.22,US
DRB00358,'02106900',1.6,7.3,3.5,3.5,0,0.06,US
DRB00361,'02936290',0.1,3.7,2.1,2.1,0,0.57,US
DRB00364,'02106900',1.05,3.5,3.5,6.6,0,0.04,US
DRB00370,'02936290',0.2,4.4,2.4,2.4,0,0.11,US
DRC10892,'03304990',0.3,5,1.5,1.5,0,5.61,US
DYZ22600,'02106900',2.45,10.4,5.8,5.8,0,3.87,US
DYZ22608,'02106900',2.4,10.3,5.8,5.8,0,2.95,US
DYZ22612,'02106900',4.75,11.5,8,8,0,5.24,US
DYZ22616,'02106900',4.85,8,8,11.5,0,1.40,US
DYZ35311,'02106900',3.55,7.4,7.4,10.3,0,4.94,US
DYZ35312,'02106900',3.55,10.1,7.3,7.3,0,3.23,US
DYZ35313,'02106900',3.55,10.4,7.5,7.5,0,0.99,US
DYZ35315,'02106900',3.6,10.4,7.4,7.4,0,2.84,US
DYZ37901,'02106900',0.3,4.5,2.5,2.5,0,1.52,US
DYZ38140,'02936290',1.2,3.5,3.5,6.6,0,0.27,US
DYZ43340,'02106900',2.4,10.4,5.7,5.7,0,6.21,US
DYZ43350,'02106900',2.35,10.4,5.8,5.8,0,10.10,US
DYZ46110,'02106900',0.4,4.3,3.6,3.6,0,3.85,US
DYZ56004,'02106900',5.65,11.4,7.6,7.6,0,1.03,US
DYZ59908,'02106900',2.4,10.4,5.9,5.9,0,19.66,US
EAB00737,'03401300',1.2,8.3,2.5,2.5,0,26.16,US
ECL14462,'01211900',0.9,6.3,3.6,3.6,0,18.98,US
ECL30167,'01211900',0.2,2.4,2.4,4.5,0,1.79,US
ECL38853,'03808910',0.25,4.6,1.5,1.5,0,4.51,US
ECN00010,'02936290',1.15,4.3,3.6,3.6,0,1.05,US
ECN00011,'02936290',0.75,6.3,3.2,3.2,0,3.00,US
ECN00025,'02936290',0.45,5.2,2.8,2.8,0,5.26,US
ECN01901,'01211900',0.3,3,4.7,3.1,0,3.33,US
EFI12112,'01521900',0.25,2.6,4,2.6,0,17.87,US
EFI12121,'02106900',0.15,1.9,2.2,4.1,0,0.19,US
EFI12125,'02106900',0.15,2,2.2,4.2,0,0.06,US
EFX00129,'02106900',0.65,5.3,3.1,3.1,0,0.46,US
EFX00203,'02106900',4.9,9.9,5.9,5.9,0,8.00,US
EFX00207,'02106900',4.9,9.9,5.6,5.6,0,26.66,US
EMT00804,'02936290',0.25,4.5,2.4,2.4,0,26.25,US
EMT01787,'02106900',0.6,5.7,3.1,3.1,0,0.38,US
EMT03220,'02936290',1.85,6.3,5,5,0,0.34,US
EMT03250,'02936290',1.6,5,5,6.3,0,0.35,US
EMT04806,'02936290',0.15,4.5,2.4,2.4,0,1.19,US
EMT05336,'02936290',0.3,4.4,2.3,2.3,0,0.65,US
EMT05800,'02936290',0.65,6.2,3.2,3.2,0,4.70,US
EMT05850,'02936290',1.1,5.8,3.7,3.7,0,2.41,US
EMT05886,'02936290',0.25,4.4,2.3,2.4,0,9.99,US
EMT06153,'01904100',0.3,4.5,2.4,2.4,0,9.37,US
EMT06516,'02936290',0.2,4.2,2.3,2.3,0,0.85,US
EMT08360,'02106900',0.15,4.4,2.4,2.4,0,2.19,US
EMT08420,'02936290',0.25,4.4,2.4,2.4,0,3.29,US
EMT09550,'02936290',0.2,4.5,2.4,2.4,0,0.50,US
EMU76897,'03304990',0.55,7.6,1.9,1.9,0,5.62,US
EMY00515,'02106900',4,9.9,5.4,8.4,0,2.73,US
EMY00516,'02106900',4,9.8,5.5,8.3,0,29.98,US
EMY00517,'02106900',4,9.7,5.4,8.3,0,4.61,US
ENZ20212,'02936290',0.2,4.2,2.3,2.3,0,0.25,US
ENZ20214,'02936290',0.3,5,2.6,2.6,0,1.44,US
ENZ22090,'02936290',0.1,3.6,2.1,2,0,2.46,US
ENZ24121,'02936290',0.15,4.3,2.2,2.2,0,1.21,US
ENZ25112,'02106900',0.1,2.2,2.2,4.4,0,0.29,US
ENZ26201,'02936290',0.2,4.2,2.2,2.2,0,0.72,US
ENZ27210,'03507900',0.4,5.2,2.8,2.8,0,0.30,US
ENZ29030,'02936290',0.2,4.3,2.3,2.3,0,1.22,US
ENZ29080,'03507900',0.25,5,2.5,2.5,0,0.11,US
ENZ29090,'03507900',0.15,3.7,2.1,2.1,0,0.51,US
ENZ29091,'03507900',0.3,5.1,2.6,2.6,0,2.63,US
ENZ98110,'03507900',0.2,4.3,2.3,2.3,0,0.13,US
ENZ98140,'03507900',0.2,4.3,2.3,2.3,0,0.09,US
EPI65610,'02936290',0.25,4.9,2.6,2.6,0,0.72,US
EPS00293,'03924100',0.65,1.5,2.3,7.3,0,14.99,US
ERB45109,'02106900',0.95,8,7,2.4,0,1.90,US
ERB45229,'02106900',0.9,6.7,7.5,2.2,0,5.60,US
ETR45000,'02936290',1.9,7,3.9,3.9,0,0.68,US
EUR10220,'02936290',0.35,2.6,2.8,5.4,0,0.34,US
EUR11202,'02936290',0.5,5.2,2.6,2.6,0,2.54,US
EUR18290,'02106900',0.35,4.4,2.5,2.5,0,5.36,US
EUR20292,'02936290',0.55,2.8,2.8,5.4,0,1.34,US
EUR20296,'01211900',0.3,4.2,2.2,2.2,0,1.11,US
EUR25502,'02936290',0.25,4.3,2.3,2.3,0,1.22,US
EUR31006,'02936290',0.15,4.3,2.2,2.2,0,18.32,US
EUR40202,'02936290',0.35,2.7,2.5,5.3,0,3.70,US
EUR40816,'02936290',0.15,5,4.2,1.6,0,1.37,US
EVM16140,'03304910',0.1,0.9,2.8,2.8,0,30.00,US
FDS33461,'02106900',0.25,4.3,2.4,2.4,0,2.36,US
FDS33553,'02936290',0.8,3.7,3.6,3.6,0,1.94,US
FDS33651,'02936290',0.7,5.3,2.8,2.8,0,3.69,US
FDS33829,'02936290',0.2,4.9,3.1,1.9,0,8.20,US
FDS33936,'02936290',0.2,4.9,3,1.8,0,20.00,US
FES34121,'01211900',1.9,1.7,9.9,5,0,26.60,US
FLO00156,'02104200',0.65,3.2,2.4,2.4,0,6.31,US
FLO14769,'02936290',2.2,9,4.2,2.2,0,0.38,US
FLO64791,'01211900',1.3,7.7,3.5,1.8,0,27.50,US
FLO64950,'02936290',3,2.5,4.7,10.3,0,1.83,US
FLO68072,'02936290',3.25,8.1,3.7,3.7,0,1.21,US
FPI02733,'02106900',0.25,2.3,2.5,4.7,0,0.26,US
FPI03033,'02106900',0.25,4.6,2.4,2.4,0,1.50,US
FPI03103,'02106900',0.25,4.5,2.4,2.4,0,0.82,US
FPI03153,'02106900',0.25,4.6,2.4,2.4,0,1.46,US
FPI03163,'02106900',0.25,4.6,2.4,2.4,0,0.43,US
FPI03703,'02106900',0.25,4.6,2.4,2.4,0,0.97,US
FPI03743,'02106900',0.25,4.6,2.4,2.4,0,9.99,US
FPI03813,'02106900',0.3,4.6,2.4,2.4,0,0.40,US
FPI05851,'02106900',0.2,4.6,1.3,1.3,0,4.11,US
FRO00813,'01211900',0.25,4.5,6,1,0,0.96,US
FRO01072,'00902300',1.05,8,9.5,2.5,0,1.03,US
FRO02200,'02103900',1.05,5.5,8,1.3,0,6.32,US
FRO02341,'02103900',0.25,0.8,3.8,7.5,0,0.60,US
FRO02617,'02106900',1.05,7.5,8.5,1.5,0,3.49,US
FRO02701,'02936290',1.05,6,9.5,1,0,0.68,US
FRO02820,'01211900',1.05,10.4,9,1.1,0,3.26,US
FRO02852,'00402210',5.05,9,2.5,8.7,0,7.60,US
FRO02936,'00902300',1.05,10.5,1.9,10.7,0,3.44,US
FRO23192,'02103900',1.4,7.9,2.4,2.4,0,3.34,US
GAV10032,'03304990',2.25,3.4,3.4,9.5,0,1.22,US
GFC20466,'02936290',0.85,5.8,3.7,3.7,0,0.26,US
GHT00770,'02106900',0.4,4,4,4.9,0,1.83,US
GIO18143,'03401300',1.65,4.8,6.3,3.1,0,1.46,US
GME10411,'02106900',0.3,5.3,2.8,2.8,0,4.21,US
GME10721,'02106900',0.3,4.5,1.5,1.5,0,1.73,US
GME10722,'02106900',0.1,2,2,3.7,0,1.85,US
GME30900,'02106900',0.25,4.3,2.2,2.2,0,3.75,US
GNT00107,'02106900',0.2,4.6,2.4,1.9,0,2.07,US
GOL11117,'03504000',1.15,6.7,3.8,3.8,0,4.06,US
GOL11155,'02936290',0.4,5,2.6,2.6,0,0.87,US
GOL11156,'02106900',0.55,5.3,2.8,2.8,0,3.56,US
GOL11159,'02106900',1,6.3,3.2,3.2,0,6.57,US
GOL11160,'02106900',1.65,7.8,4.8,4.8,0,3.16,US
GOL11202,'03507900',0.55,5.2,2.9,2.9,0,4.59,US
GOL11235,'02106900',0.6,4.7,2.5,2.5,0,0.27,US
GOL11254,'02936290',0.65,4.7,2.6,2.6,0,0.92,US
GOL11255,'02936290',0.55,4.6,2.5,2.5,0,1.19,US
GOL11294,'02106900',0.75,5.3,2.9,2.9,0,0.36,US
GOL11333,'02936290',0.15,3.9,2.2,2.2,0,1.35,US
GOL11335,'02106900',0.9,5.7,3,3,0,1.17,US
GOL11337,'02936290',0.85,5.8,3.1,3.1,0,1.05,US
GOL11375,'02936290',0.25,5,2.2,2.2,0,1.66,US
GOL11401,'02936290',1.15,5.4,5.4,2.9,0,0.64,US
GOL11410,'02106900',0.55,5.2,3.2,3.2,0,0.37,US
GOL11414,'02106900',3.1,8.6,6,6,0,0.23,US
GOL11417,'02936270',1.15,3.4,3.4,6.1,0,0.11,US
GOL11418,'02936270',1.1,6,3.2,3.2,0,0.13,US
GOL11419,'02936290',1.1,3.3,3.4,6.1,0,0.09,US
GOL11420,'02936290',1.15,6.1,3.3,3.3,0,0.35,US
GOL11421,'02936290',1.15,3.4,3.4,6.1,0,1.98,US
GOL11552,'02106900',2.2,7.1,5.3,5.3,0,10.80,US
GOL11561,'03507900',0.55,4.5,2.5,2.5,0,1.38,US
GOL11562,'03507900',0.55,4.5,2.5,2.5,0,2.76,US
GOL11563,'03507900',0.55,4.5,2.6,2.6,0,1.64,US
GOL11564,'03507900',0.55,4.5,2.5,2.5,0,2.10,US
GOL11565,'02106900',0.5,4.8,2.7,2.7,0,4.03,US
GOL11566,'02106900',0.55,2.5,2.5,4.5,0,6.56,US
GOL11567,'02106900',0.55,2.5,2.5,4.5,0,1.01,US
GOL11568,'02106900',0.55,2.5,2.5,4.5,0,5.25,US
GOL11590,'02936290',1.05,6,3.3,3.3,0,0.03,US
GOL11591,'02106900',0.45,4.2,2.3,2.3,0,0.81,US
GOL11593,'02106900',3.1,6,6,8.5,0,0.18,US
GOL11602,'02106900',2.9,6,6,8.8,0,0.21,US
GOL11604,'02106900',2.9,8.3,5.1,5.1,0,0.62,US
GOL11664,'02106900',0.4,2.4,2.5,4.9,0,0.81,US
GOL11668,'02936290',0.2,3.8,2.2,2.2,0,2.10,US
GOL11708,'02106900',1.35,7,4.8,4.8,0,1.94,US
GOL11709,'02106900',1.5,7,4.8,4.8,0,5.55,US
GOL11743,'03504000',1.2,7.1,5.3,4.6,0,3.25,US
GOL11745,'03504000',1.25,7.1,5.3,4.5,0,3.71,US
GOL11761,'02309900',1.25,6.1,3.3,3.3,0,0.36,US
GOL11765,'02936290',1.1,6.1,3.3,3.3,0,0.56,US
GOL11769,'02936290',1.1,6.1,3.3,3.3,0,0.48,US
GOL11771,'02936290',1.25,6.1,3.3,3.3,0,0.09,US
GOL11774,'02936270',1.1,6.1,3.3,3.3,0,0.38,US
GOL11778,'02936270',1.1,6.1,3.3,3.3,0,0.33,US
GON11520,'01704900',0.25,2,4.9,7,0,27.48,US
GRN00201,'03305900',0.35,6.6,1.6,1.6,0,34.32,US
GSN00521,'02106900',4.05,10.1,5.7,5.7,0,9.00,US
GSN00524,'02106900',3.95,10,5.8,5.8,0,10.80,US
GSN00698,'02936290',0.95,5.7,3.6,3.6,0,18.00,US
GSN01250,'02106900',0.8,4.3,3.7,3.7,0,10.00,US
GSR81120,'02202900',0.3,3.8,1.5,1.5,0,3.82,US
HAR01240,'02106900',0.55,4.4,2.3,2.3,0,13.74,US
HBP00302,'03003900',0.3,3.5,2,2,0,1.09,US
HBP00339,'01211900',0.5,5.6,1.8,1.8,0,1.19,US
HBP00398,'02106900',0.15,4,1.3,1.3,0,1.11,US
HBP00404,'01211900',0.15,3.9,1.2,1.2,0,10.64,US
HBP00419,'01211900',0.55,5.3,1.9,1.9,0,6.65,US
HBP80000,'01211900',0.15,4,1.2,1.2,0,1.66,US
HBP90059,'01211900',0.45,5.2,1.9,1.9,0,3.80,US
HED00231,'02936290',0.15,4.4,2.5,2.5,0,4.12,US
HEW00234,'03401300',5.8,5.2,7.8,7.8,0,3.94,US
HFC00002,'02936290',1.25,6.1,3.4,3.4,0,11.45,US
HFC00004,'02106900',1.95,4,4,7,0,5.28,US
HFC00005,'02936290',2.4,7.6,4,4,0,3.51,US
HFC00012,'02936290',1.5,3.5,3.5,6.5,0,2.97,US
HFC00021,'02106900',2.4,7.5,4.1,4.1,0,2.54,US
HFC00023,'02106900',1.5,6.5,3.6,3.6,0,6.87,US
HFC00033,'02936290',2.05,7,3.9,3.9,0,1.06,US
HFC00056,'02106900',1.5,6.5,3.6,3.6,0,0.46,US
HFC00065,'02936290',1.5,6.1,3.4,3.4,0,1.02,US
HFC00075,'02936290',1.4,6.1,3.3,3.3,0,2.97,US
HFC00113,'02106900',2.4,7.5,4.2,4.2,0,6.24,US
HFC00114,'02106900',2.35,7.5,4.2,4.2,0,2.89,US
HFC01008,'02106900',1.4,3.6,3.6,6.5,0,2.26,US
HFD40516,'01904100',1.8,8.1,5.1,2.6,0,0.72,US
HFS01222,'02106900',0.45,4.8,2.7,2.7,0,3.64,US
HNI00021,'03507900',0.3,4.3,2.3,2.3,0,3.18,US
HNI00023,'03507900',0.3,4.3,2.2,2.2,0,1.26,US
HNI00026,'03507900',0.2,4.3,2.3,2.3,0,0.15,US
HNI00032,'03507900',0.3,3.2,2.8,2.8,0,2.89,US
HOG15075,'02936290',0.35,5,2.5,2.5,0,0.35,US
HOG15146,'02936290',0.6,5.5,3,3,0,0.24,US
HOG15150,'02936290',0.5,5.3,2.9,2.9,0,0.36,US
HOG15151,'02936290',0.95,3.2,3.2,6.2,0,0.86,US
HOG16478,'02936290',0.25,2.5,2.5,4.9,0,0.20,US
HOG23694,'02106900',0.35,5,2.5,2.5,0,0.45,US
HOG25157,'03507900',0.1,3.5,2,2,0,0.47,US
HOG25160,'03507900',0.25,5,2.6,2.6,0,0.43,US
HOG37010,'02936290',0.8,4.1,3.7,3.7,0,0.14,US
HOG38428,'02106900',0.65,6.9,3.7,3.7,0,1.72,US
HOG40216,'02936290',1.15,3.7,3.7,7,0,0.21,US
HOG41334,'02936290',0.2,4.9,2.9,2.9,0,0.55,US
HOG41339,'02936290',0.3,5.1,2.5,2.5,0,0.27,US
HOG41358,'02936290',0.15,4.1,2.3,2.3,0,1.22,US
HOG41372,'02936290',0.1,2.1,2.1,3.7,0,0.08,US
HOG41373,'02936290',0.1,4.2,2.3,2.3,0,0.48,US
HOG41384,'02936290',0.05,3.5,2,2,0,1.76,US
HOG41386,'02936290',0.15,3.7,2.2,2.2,0,2.61,US
HOG41388,'02936290',0.2,4.2,2.3,2.3,0,1.02,US
HOG42026,'02936290',0.25,5.2,2.6,2.6,0,0.43,US
HOG55518,'02106900',0.2,2.4,2.4,4.4,0,0.05,US
HOG57885,'02936290',0.15,4.3,2.4,2.4,0,0.07,US
HOG57888,'02936290',0.3,5,2.6,2.6,0,0.18,US
HOG57917,'02936290',0.2,5,2.6,2.6,0,1.45,US
HOG61357,'02936290',0.25,4.2,2.3,2.3,0,0.37,US
HOG68377,'02936290',0.4,4.4,2.5,2.5,0,1.72,US
HOG72878,'02936290',0.15,4.1,2.4,2.4,0,0.37,US
HOG74757,'02936290',0.45,5.5,2.7,2.7,0,1.13,US
HOG76368,'02106900',0.2,4.2,2.4,2.4,0,0.29,US
HOG81449,'02106900',0.3,4.3,2.4,2.4,0,0.53,US
HOG81453,'02106900',0.25,4.3,2.4,2.4,0,0.56,US
HOG81456,'02106900',0.5,5,2.8,2.8,0,0.35,US
HOG84916,'02936290',0.35,5,2.5,2.5,0,0.11,US
HOG84925,'02936290',0.15,3.7,2.1,2.1,0,0.18,US
HOG84928,'02106900',0.3,5,2.6,2.6,0,0.97,US
HOG85734,'03507900',0.15,4,2.2,2.2,0,0.15,US
HOG85736,'03507900',0.3,2.5,2.5,5,0,0.13,US
HOK80175,'01806900',0.25,2.6,6,7.1,0,0.29,US
HRD00029,'02936290',0.1,0.7,2.1,2.8,0,3.77,US
HSU12293,'02106900',0.5,4.7,2.7,2.7,0,25.00,US
HYA00018,'03304990',0.2,4.6,1.9,1.4,0,0.35,US
HYX20205,'02106900',0.25,5,2.5,2.5,0,0.21,US
HYX60196,'02106900',0.5,6.9,3.3,2.7,0,1.16,US
IHB00961,'07323930',0.1,2.6,3.2,4.7,0,1.65,US
ILH21712,'00902300',0.47,3.3,2.4,2.4,0,3.14,US
IME38830,'02106900',0.35,5.2,2.9,2.9,0,8.83,US
INN40010,'02106900',0.55,4.8,2.6,2.6,0,4.07,US
INN40012,'02936290',1.1,5.9,3.2,3.2,0,5.15,US
INN40017,'02936290',1.25,5.9,3.2,3.2,0,3.08,US
INN40096,'02936290',0.45,2.3,2.3,4.5,0,19.32,US
INN40105,'02936290',0.7,4.9,2.6,2.6,0,2.96,US
INN40129,'02106900',0.4,4.5,2.4,2.4,0,7.12,US
INN40141,'02106900',0.4,4.6,2.4,2.4,0,4.00,US
INN41006,'02106900',0.4,2.4,2.4,4.5,0,23.32,US
INN44009,'02106900',0.9,6.6,3.7,3.7,0,6.50,US
INN44011,'02106900',0.9,6.6,3.6,3.6,0,25.98,US
INN44038,'02936290',0.55,4.5,3.6,3.6,0,27.48,US
INU00022,'03304990',0.35,2.2,2.2,2.2,0,0.97,US
IPS10263,'02936290',0.55,6.2,3.1,3.1,0,0.27,US
IPS10299,'02936290',1.05,5.8,3.7,3.7,0,0.51,US
IRW57825,'02936290',1.1,5.4,3,3,0,0.80,US
ISM00601,'03401300',0.6,7.8,2,2,0,2.05,US
ISV00254,'03305100',2.5,10.5,3.1,3.1,0,11.47,US
JRW02008,'02936290',0.45,5.3,2.9,2.9,0,0.26,US
JRW04001,'02936290',0.4,4.6,2.5,2.5,0,0.36,US
JRW12034,'02936290',0,0,0,0,0,0.25,US
JRW14052,'02936290',0.45,5.6,3.1,3.1,0,1.47,US
JRW14088,'02106900',0.45,3.1,3.1,5.6,0,0.23,US
JRW15001,'02936290',0.25,4.2,2.4,2.4,0,0.08,US
JRW15035,'02936290',2.5,5.5,5.5,7.7,0,0.51,US
JRW15052,'02936290',0.2,4.3,2.3,2.3,0,0.15,US
JRW15066,'02936290',0.25,4.5,2.5,2.5,0,0.83,US
JRW16020,'02936290',0.2,2.5,2.5,4.5,0,1.28,US
JRW17005,'02936290',2.5,7,5.1,5.1,0,0.33,US
JRW18014,'02936290',0.15,2.2,2.2,3.9,0,0.44,US
JRW19002,'02936290',0.35,2.5,2.5,4.6,0,3.36,US
JRW20042,'02936290',0.25,1.7,3.3,6.1,0,0.11,US
JRW23014,'01211900',0,0,0,0,0,0.25,US
JRW29052,'02936290',0.45,5.3,2.9,2.9,0,0.25,US
KAL59955,'03304990',0.55,7.7,1.8,1.8,0,1.57,US
KHC10004,'01211900',0.2,4.2,2,2,0,0.30,US
KHC10667,'03306900',0.95,4.4,10.3,2.1,0,3.16,US
KHC10668,'01211900',1.1,4.9,9.9,2.1,0,0.28,US
KIM02113,'02936290',1,5,2.9,2.9,0,2.09,US
KIM02115,'02936290',0.95,5,2.9,2.9,0,4.02,US
KIM02120,'02936290',0.3,4.3,2.3,2.3,0,3.07,US
KIM02126,'02936290',0.75,6.2,3.2,3.2,0,1.74,US
KIM02134,'02106900',0.45,4.2,2.3,2.3,0,2.14,US
KIM02173,'02106900',0.35,2,2,3.9,0,0.54,US
KIM02175,'02936290',2.35,8.9,3.4,3.4,0,0.87,US
KIM02225,'03507900',0.2,4.3,2.3,2.3,0,1.88,US
KLA00005,'02936290',0.55,4.4,2.4,2.4,0,0.98,US
LAB11239,'02106900',2.75,6.6,9.3,5.6,0,6.62,US
LAB11273,'02106900',2.8,9.7,5.9,5.9,0,18.42,US
LAB11274,'02106900',3.25,9.9,5.9,5.9,0,2.21,US
LAB11275,'02106900',2.85,9.9,5.9,5.9,0,3.45,US
LAB11299,'02106900',5.55,10.3,7.9,7.9,0,9.29,US
LAB33457,'02106900',0.3,4.8,2.7,2.7,0,0.84,US
LAB88001,'02106900',0.85,6,3.2,3.2,0,28.50,US
LEM01280,'08548900',0.9,6.6,3.4,3.4,0,6.49,US
LEM01290,'02936290',0.25,4.7,2.3,2.3,0,4.20,US
LEM01303,'06106100',0.25,4.4,2.4,2.4,0,28.56,US
LEM01630,'02202100',1.35,6.7,3.5,3.5,0,4.39,US
LEM01680,'02936290',0.25,4.3,2.3,2.3,0,4.23,US
LEM01720,'02936290',1,6.2,3.2,3.2,0,8.79,US
LEM01790,'02936290',0.25,4.4,2.4,2.4,0,4.02,US
LEM01880,'03707900',0.2,3.9,2.2,2.2,0,11.42,US
LEM01885,'02106900',1.3,6.5,3.4,3.4,0,6.59,US
LEM01940,'02936290',0.25,4.4,2.4,2.4,0,33.55,US
LEM10040,'02936290',0.4,5.2,2.8,2.8,0,2.23,US
LEM10050,'02936290',0.55,5.6,3.1,3.1,0,21.41,US
LEM10450,'02936290',0.5,5.7,3.1,3.1,0,5.00,US
LEX12202,'03304990',0.25,2.2,3.2,3.2,0,5.20,US
LEX13236,'02936290',0.15,3.8,2.1,2.1,0,2.45,US
LEX13736,'02936290',0.2,3.6,2,2,0,1.02,US
LEX13936,'02936290',0.3,4.2,2.4,2.4,0,0.79,US
LEX14921,'02936290',0.3,5,2.5,2.5,0,1.56,US
LEX15086,'02936290',0.1,3.5,1.8,1.8,0,18.67,US
LEX16269,'02936290',0.25,4.3,2.3,2.3,0,5.90,US
LEX16376,'01211900',0.1,3.4,1.8,1.8,0,3.76,US
LEX16743,'02936290',1.05,6.6,3.4,3.4,0,0.52,US
LEX16761,'02936290',0.2,4.4,2.2,2.2,0,6.75,US
LEX16816,'02936290',0.15,4,2,2,0,0.11,US
LEX16879,'02936290',0.25,4.4,2.2,2.2,0,1.05,US
LEX18926,'02936290',0.2,4.7,2.5,2.5,0,1.06,US
LEX18969,'02936290',0.4,4.7,2.5,2.5,0,1.10,US
LEX18979,'02936290',0.4,4.8,2.5,2.5,0,1.00,US
LEX19391,'02936290',0.1,2.1,2.1,4,0,0.89,US
LEX21310,'02106900',0.1,3.5,1.7,1.7,0,1.72,US
LEX30210,'02936290',0.15,3.8,2.1,2.1,0,5.71,US
LEX80130,'03304990',0.15,4,1.2,1.2,0,2.11,US
LEX80143,'03304990',0.1,1.7,2.1,2.1,0,1.29,US
LEX81812,'02936290',0.5,5.5,2.8,2.8,0,19.67,US
LEX99706,'02936290',0.15,4.5,2.3,2.3,0,4.91,US
LIF29017,'02008990',0.35,4,2.2,2.2,0,1.93,US
LLO90006,'03304990',0.35,2.6,2.7,2.7,0,1.43,US
LSR13004,'02936290',0.15,3.5,2,2,0,1.09,US
LVA00111,'03304990',0.2,4.4,1.9,1.9,0,5.50,US
LYP00120,'02936290',0.5,2.3,3.1,6,0,0.18,US
LYP00121,'02936290',0.5,2.3,3.1,6,0,1.35,US
MAH10101,'05801360',0.6,5.7,4,3.5,0,7.50,US
MAH69103,'02106900',2.05,7.5,3.3,6,0,3.37,US
MAN00154,'01521900',0.65,3.3,2.4,2.4,0,0.34,US
MBM00241,'02936290',0.35,3.8,2.1,2.1,0,9.00,US
MBM00602,'03004900',0.5,4.3,2.4,2.4,0,10.60,US
MBM00703,'02106900',0.4,4,2.3,2.3,0,3.64,US
MCL01027,'02106900',0.35,4.8,2.8,2.8,0,0.67,US
MCL01029,'02106900',0.45,5,2.7,2.7,0,2.16,US
MCL01035,'02936290',0.9,6.2,3.2,3.2,0,0.52,US
MCL01133,'02936290',0.2,4.2,2.2,2.2,0,4.19,US
MCL01176,'02106900',1.45,6.5,5,5,0,17.16,US
MCL01177,'02106900',1.5,6.4,4.9,4.9,0,25.75,US
MCL01317,'02106900',0.6,2.5,2.5,4.7,0,0.36,US
MCL01464,'02936290',0.25,4.5,2.5,2.5,0,0.56,US
MCL01534,'01211900',0.1,3.4,2,2,0,4.60,US
MCL01610,'02936290',0.1,3.5,1.9,1.9,0,4.52,US
MCV12360,'01602320',0.1,7,6.2,1.3,0,3.75,US
MDL00028,'03304990',0.3,2.1,2.1,2.1,0,30.00,US
MDL00036,'03304990',0.35,2.2,2.2,2.2,0,3.29,US
MDL00140,'03304990',0.2,4.6,1.5,1.5,0,5.09,US
MER00001,'03304990',0.01,0.6,0.6,2.6,0,25.00,US
MGF10106,'02936290',0.4,3.9,2.1,2.1,0,6.09,US
MGF10108,'02936290',0.7,4.8,2.6,2.6,0,0.20,US
MGF10118,'02936290',1,5.9,3.2,3.2,0,0.84,US
MGF10135,'02936290',1.15,5.8,3.2,3.2,0,2.12,US
MGF10153,'02936290',1.2,5.9,3.2,3.2,0,0.18,US
MGF10194,'02936290',0.65,4.8,2.6,2.6,0,1.66,US
MGF10223,'02106900',0.4,2.4,2.4,4.4,0,5.23,US
MGF10228,'02106900',0.45,2.6,2.6,4.7,0,5.32,US
MGF10267,'02936270',0.7,2.5,2.5,4.9,0,0.23,US
MGF10270,'02936290',0.7,4.8,2.6,2.6,0,0.54,US
MGF10285,'02936270',0.65,4.9,2.6,2.6,0,0.13,US
MGF10307,'02106900',0.65,4.8,2.6,2.6,0,2.96,US
MGF10310,'02106900',0.5,2.4,2.4,4.4,0,3.25,US
MGF12001,'02936290',0.35,3.9,2.1,2.1,0,1.60,US
MGF20023,'09024800',0.75,4.8,2.6,2.6,0,3.37,US
MGF20029,'02936290',0.65,4.7,2.5,2.5,0,0.67,US
MGI00108,'02106900',2.15,6.5,4.9,4.9,0,0.81,US
MGI90801,'02106900',2.15,6.4,4.8,4.8,0,0.76,US
MHN01168,'02936290',0.4,5,2.6,2.6,0,2.43,US
MHN01190,'02936290',0.4,4.7,2.5,2.5,0,12.67,US
MHP01130,'03504000',5,10.5,7.4,7.4,0,3.36,US
MHP07410,'02106900',2.5,6.8,5.1,5.1,0,2.22,US
MHP07440,'02106900',1,6.5,3.5,3.5,0,0.89,US
MHP09182,'02106900',1,5.9,3.7,3.7,0,1.82,US
MHP09187,'03504000',2.5,9.7,5.9,5.9,0,5.00,US
MHP09188,'03504000',2.25,9.7,5.8,5.8,0,1.96,US
MHP09326,'02106900',3.55,5.9,5.9,9.7,0,3.44,US
MHP09327,'02106900',3.6,9.7,5.8,5.8,0,11.00,US
MHP09328,'02106900',3.5,9.8,5.9,5.9,0,2.73,US
MHP09374,'02106900',0.65,4.9,2.8,2.8,0,12.00,US
MHP73210,'02106900',5.5,10.5,7.4,7.4,0,4.61,US
MHP73260,'02106900',5.35,7.5,7.5,10.6,0,0.39,US
MIN61003,'02106900',0.15,4.2,3,2,0,0.78,US
MIN61105,'02106900',0.5,4,4.3,2.3,0,1.20,US
MIN61181,'02106900',0.35,4.8,2.6,2.6,0,0.26,US
MKD00401,'03304990',0.45,2.8,2.6,2.6,0,11.48,US
MKD00404,'03304990',0.45,2.8,2.6,2.6,0,6.53,US
MME00216,'02106900',4.55,10.5,7.4,7.4,0,1.61,US
MME00254,'02106900',5.25,7.4,7.4,10.7,0,1.71,US
MME00267,'02106900',4.9,10.5,7.4,7.4,0,5.12,US
MME00389,'03504000',0.65,4.3,3.7,3.7,0,1.25,US
MNT54307,'03305100',0.85,2.3,2.3,7.8,0,0.67,US
MRM71027,'02936290',2.55,5.5,5.5,7.8,0,0.27,US
MRM71037,'02936290',2.1,7.1,4.9,4.9,0,1.30,US
MRM71038,'02106900',2.1,7.1,4.9,4.9,0,2.22,US
MRM72043,'02106900',3.4,9.7,5.9,5.9,0,11.00,US
MRM72044,'02106900',3.4,9.7,5.9,5.9,0,3.44,US
MRM72050,'02106900',5.55,10.4,7.9,7.9,0,16.67,US
MRM72051,'02106900',5.55,10.5,8,8,0,50.00,US
MRM72075,'02106900',1.8,7,4.7,4.7,0,2.33,US
MRM72076,'02106900',1.75,7,4.9,4.9,0,1.30,US
MRM72103,'02106900',2.4,6.4,5,5,0,1.40,US
MRM72225,'02106900',2.6,9.5,5.5,5.5,0,0.35,US
MRM72226,'02106900',2.8,9.5,5.5,5.5,0,0.14,US
MRM72230,'02106900',1.55,7.1,4.9,4.9,0,1.96,US
MRM73010,'02106900',2.45,9.6,5.5,5.5,0,12.00,US
MRM73011,'02106900',2.4,9.6,5.5,5.5,0,3.16,US
MSC70180,'02106900',2.85,8.3,5.6,5.6,0,1.08,US
MSC70328,'02106900',4.6,10.7,7.7,7.7,0,0.13,US
MSC70329,'02106900',4.6,10.7,7.6,7.6,0,0.24,US
MSC70330,'02106900',4.65,10.7,7.6,7.6,0,0.58,US
MSC70331,'02106900',4.65,10.6,7.7,7.7,0,0.10,US
MSC70392,'02936290',0.8,5.4,5,5,0,0.13,US
MSF05087,'02106900',2.4,9.9,5.9,5.9,0,2.17,US
MSF26090,'03404900',0.15,4.3,2.4,2.4,0,0.82,US
MSF32761,'02106900',2.4,9.9,5.9,5.9,0,2.22,US
MSF70386,'02106900',4.7,7.8,7.8,11.3,0,4.71,US
MSF85822,'02106900',2.4,9.9,5.9,5.9,0,10.83,US
MSF99081,'02106900',4.65,7.7,7.7,11.6,0,2.67,US
MSF99101,'02106900',4.65,8,8,11,0,6.15,US
MTC00015,'02106900',0.5,5.4,2.7,2.7,0,12.58,US
MTC01000,'03504000',2.5,7.8,5.5,5.5,0,6.59,US
MTC01440,'02936290',3.5,7.7,5.5,5.5,0,36.25,US
MTC10070,'03504000',2.35,7.8,5.6,5.6,0,14.25,US
MTC10071,'03504000',2.3,7.7,5.5,5.5,0,2.67,US
MUN10062,'03924100',0.25,1.4,4.4,9.1,0,3.05,US
NAP01450,'02937190',0.6,4.8,2.5,2.5,0,2.60,US
NAP02730,'02936290',0.4,4.5,2.5,2.5,0,5.73,US
NAP02771,'02936290',0.4,4.3,2.4,2.4,0,4.67,US
NAP03042,'02936290',0.55,5.1,2.6,2.6,0,26.63,US
NAP03052,'02936290',0.95,5.7,3.1,3.1,0,8.59,US
NAP03058,'02936290',0.95,5.6,3.1,3.1,0,2.40,US
NAP04385,'02106900',0.15,3.8,2.2,2.2,0,1.39,US
NAP04923,'02106900',0.45,4.4,2.4,2.4,0,0.57,US
NAP04930,'02106900',0.55,5.3,2.6,2.6,0,0.61,US
NAP30701,'02936290',2.45,8.2,3.5,3.5,0,1.88,US
NAP30711,'02936290',0.55,5.3,2.7,2.7,0,5.83,US
NAP30714,'02936290',0.5,4.7,2.5,2.5,0,9.28,US
NAP30719,'02202900',1.45,7.3,3.7,3.7,0,1.33,US
NAP30729,'02936290',0.45,5.3,2.6,2.6,0,1.20,US
NAP30731,'02309900',0.45,5.3,2.6,2.6,0,5.15,US
NAP30930,'02936290',0.65,5.5,2.9,2.9,0,1.06,US
NAP30950,'02936270',0.75,5.4,3,3,0,0.66,US
NAP44541,'02936290',0.3,5,2.6,2.6,0,1.31,US
NAP48719,'02936290',0.3,4.6,2.5,2.5,0,0.63,US
NAP48720,'02936290',0.55,4.7,2.6,2.6,0,1.93,US
NAP49567,'02106900',0.35,4.7,2.6,2.6,0,3.48,US
NAT00110,'02936290',1,4,4,5.8,0,1.71,US
NBC00202,'02936290',2.4,5.2,4.7,4.7,0,0.18,US
NBC00203,'02936290',5.45,10.5,6,6,0,4.50,US
NBC00900,'03305100',0.75,7.7,2,2,0,3.06,US
NBC03001,'02106900',3.3,9.9,5.9,5.9,0,1.62,US
NBC03006,'02106900',3.35,9.9,5.9,5.9,0,28.98,US
NBT02115,'02106900',3.45,10.6,6,6,0,2.89,US
NBT02117,'02106900',3.5,6,6,10.6,0,1.45,US
NBT02119,'02106900',3.4,10.6,5.9,5.9,0,9.17,US
NBT02193,'02106900',3.45,10.6,5.9,5.9,0,11.00,US
NBT02195,'02106900',3.4,10.6,6,6,0,3.44,US
NBT02197,'02106900',3.4,10.6,6,6,0,2.89,US
NBT02227,'02106900',3.35,10.6,6,6,0,3.93,US
NBT02245,'02106900',3.4,5.9,5.9,10.6,0,0.54,US
NDC00002,'03304990',0.45,6.8,3,3,0,39.98,US
NDM41107,'02936290',0.15,5.5,3.2,2.4,0,3.33,US
NDX00132,'02936290',0.3,4.6,1.6,1.6,0,0.19,US
NDY26265,'08543700',0.1,2.3,2.3,4.4,0,1.41,US
NEL12921,'02106900',3.35,9.6,5.5,5.5,0,2.00,US
NFS01739,'01211900',0.35,4.6,2.7,2.7,0,4.57,US
NFS02047,'02936290',0.7,5.7,3.1,3.1,0,11.19,US
NFS02406,'02106900',2.3,7.6,5.5,5.5,0,1.45,US
NFS02932,'02106900',2.4,9.5,5.5,5.5,0,1.35,US
NFS02933,'02106900',2.35,9.5,5.5,5.5,0,9.99,US
NFS02935,'02106900',2.4,9.5,5.6,5.6,0,29.98,US
NFS03526,'02936290',0.95,5.6,3.1,3.1,0,3.16,US
NFS04544,'02106900',0.2,4,2.2,2.2,0,3.53,US
NFS04956,'02936290',0.25,2.8,2.8,4.6,0,2.28,US
NFS35491,'02106900',1.05,3.5,3.5,6.8,0,0.28,US
NFS35492,'02106900',0.8,5.6,3.4,3.4,0,3.50,US
NFS35493,'02106900',0.8,5.6,3.4,3.4,0,9.83,US
NFS35561,'02106900',0.65,4.8,3.1,3.1,0,2.24,US
NFS35711,'02106900',1.2,6.3,3.7,3.7,0,2.08,US
NFS39182,'02936290',0.1,2.1,2.1,4,0,0.19,US
NFS39186,'02936290',0.25,2.5,2.5,4.8,0,0.13,US
NHI01026,'02936290',1.9,3.9,3.9,7.1,0,0.10,US
NHI01028,'02936290',5.15,7.9,6,5.4,0,2.35,US
NHI50012,'03204170',0,0,0,0,0,0.33,US
NHS00020,'02008990',0.15,4,1.2,1.2,0,0.68,US
NHS00053,'02008990',0.15,4,1.2,1.2,0,6.36,US
NHS00207,'02008990',0.15,3.8,2.1,2.1,0,6.00,US
NHS00229,'02008990',0.15,3.8,2.1,2.1,0,1.82,US
NHS00246,'02008990',0.15,4,1.2,1.2,0,3.16,US
NLI00106,'08506100',0.1,3.8,1.9,1.9,0,1.43,US
NLI00356,'02106900',0.5,5.1,2.9,2.9,0,2.69,US
NLI00658,'02106900',0.3,4.5,2.5,2.5,0,1.79,US
NNR32653,'01521900',0.35,4,2.2,2.2,0,3.76,US
NNR32654,'01521900',0.35,4,2.3,2.2,0,1.18,US
NNS00030,'03004900',0.3,4.9,1.5,1.5,0,44.00,US
NNS00159,'02202900',3.1,4.8,10,8,0,2.89,US
NNS00168,'02202900',1.2,6.5,3.7,3.7,0,11.45,US
NOR01503,'02936290',0.15,4.4,2.4,2.4,0,7.00,US
NOR01748,'02106900',0.4,5,2.5,2.5,0,9.24,US
NOR01750,'02106900',0.25,4.4,2.4,2.4,0,25.65,US
NOR01806,'02106900',0.9,5.6,2.4,2.4,0,3.53,US
NOR01881,'02106900',0.4,4.3,2.4,2.4,0,29.98,US
NOR02715,'02106900',0.5,4.6,2.2,2.2,0,9.66,US
NOR02774,'02106900',1.65,6.8,2.9,2.9,0,1.06,US
NOR02793,'02106900',0.9,5.5,2.3,2.3,0,1.29,US
NOR02794,'02936290',0.45,5,2.6,2.6,0,1.57,US
NOR03743,'02106900',0.4,2.5,2.5,5,0,2.41,US
NOR03790,'02106900',0.7,5.6,3,3,0,1.06,US
NOR30120,'02936290',1,5.5,3.1,3.1,0,10.19,US
NOS10044,'03306900',0.15,3.9,2.2,2.2,0,5.07,US
NOS10074,'02936290',0.3,2.5,2.5,4.4,0,2.05,US
NOS10089,'02936290',0.1,2,2,4.1,0,0.98,US
NOS10111,'02936290',0.15,3.8,2.2,2.2,0,5.70,US
NOW00068,'03404900',0.5,5.1,2.8,2.8,0,0.10,US
NOW00073,'03404900',0.45,5.1,2.9,2.9,0,0.57,US
NOW00079,'02936290',0.2,4.3,2.3,2.3,0,0.19,US
NOW00084,'03404900',0.45,5.3,2.7,2.7,0,0.09,US
NOW00111,'03808940',0.3,2.5,2.5,4.4,0,1.09,US
NOW00141,'02936290',0.5,4.1,2.4,2.4,0,0.89,US
NOW00211,'02936290',2.5,6.8,5,5,0,13.75,US
NOW00222,'02936290',2.5,6.7,5.2,5.2,0,3.68,US
NOW00693,'02936290',1.7,7,4.1,4.1,0,18.33,US
NOW00762,'02106900',3.3,8.6,4.9,4.9,0,6.47,US
NOW00792,'02936290',3.25,8.5,4.8,4.8,0,2.50,US
NOW01626,'02106900',0.3,2.3,2.3,4.4,0,5.79,US
NOW01627,'02106900',0.3,4.2,2.2,2.2,0,0.06,US
NOW01733,'02106900',0.85,6.2,3.2,3.2,0,0.47,US
NOW02112,'02106900',5.8,10.9,7.9,7.9,0,5.86,US
NOW02160,'02106900',2.2,8,5.5,5.5,0,3.55,US
NOW02166,'02106900',5.8,10.9,7.9,7.9,0,3.75,US
NOW02174,'02106900',5.75,8,8,11,0,0.14,US
NOW02197,'02106900',0.35,4.7,2.7,2.7,0,1.37,US
NOW02299,'02106900',5.7,11,8,8,0,0.24,US
NOW02381,'02936290',0.3,4.3,2.2,2.2,0,0.26,US
NOW02386,'02936290',0.4,4.3,2.5,2.5,0,0.83,US
NOW02706,'02106900',2.25,8.6,4.9,4.9,0,5.83,US
NOW02713,'02008990',2.2,6.6,4.8,4.8,0,0.22,US
NOW02809,'02936290',0.5,6,3.2,3.2,0,0.73,US
NOW03014,'02936290',0.2,4.3,2.3,2.3,0,6.32,US
NOW03024,'02106900',0.4,4.8,2.7,2.7,0,0.15,US
NOW03032,'02936290',0.15,4.2,2,2,0,0.45,US
NOW03034,'02936290',0.2,4.3,2.3,2.3,0,1.34,US
NOW03035,'02936290',0.2,4.2,2,2,0,1.15,US
NOW03071,'02936290',0.6,3.1,3.1,6.2,0,0.47,US
NOW03075,'02936290',0.5,5.2,2.8,2.8,0,1.49,US
NOW03076,'02009800',1.15,6.5,3.4,3.4,0,2.57,US
NOW03140,'03507900',0.1,3.3,1.8,1.7,0,1.12,US
NOW03229,'02106900',0.75,6.1,3.1,3.1,0,0.02,US
NOW03244,'02106900',1.2,6.5,3.5,3.5,0,0.13,US
NOW03266,'02936290',0.25,4.5,2.5,2.5,0,0.20,US
NOW03267,'02936290',0.1,3.5,1.9,1.9,0,1.19,US
NOW03349,'02936290',0.8,5.4,3,3,0,0.68,US
NOW03499,'02936290',0.5,5.1,2.9,2.9,0,8.12,US
NOW03510,'02936290',0.3,4.4,2.5,2.5,0,11.67,US
NOW03881,'02936290',1,3.2,3.2,6.2,0,1.94,US
NOW06961,'02106900',1.25,8.6,5,5,0,0.06,US
NOW07528,'03301290',0.2,3.4,1.3,1.3,0,1.05,US
NOW07591,'03301290',1.5,6.6,2.9,2.9,0,0.21,US
NPA41000,'01602320',0.8,2.8,3.5,5.5,0,11.67,US
NRA80720,'02106900',0.55,5.6,2.8,2.8,0,2.21,US
NRX00029,'02106900',0.4,5.2,2.9,2.9,0,0.97,US
NRX00521,'03504000',0.4,5.3,2.9,2.9,0,0.62,US
NSI24308,'02009800',1,5.6,2.3,2.3,0,5.29,US
NTC50470,'02936290',0.35,4.8,2.8,2.8,0,2.11,US
NTL06142,'02936290',0.3,4.2,2.5,2.5,0,0.16,US
NTS25563,'02936290',1,6.8,7.3,3.3,0,1.01,US
NTV10045,'03507900',0.2,3.8,2.1,2.1,0,12.19,US
NTV20020,'03507900',0.35,4.3,2.3,2.3,0,2.86,US
NTV60250,'02936290',0.85,5.5,2.8,2.8,0,5.10,US
NTV61201,'02936290',0.7,5.5,2.6,2.6,0,2.16,US
NTV61501,'02936290',1.8,7.2,3.8,3.8,0,12.99,US
NTZ00203,'02008190',1.6,5.5,3,3,0,1.89,US
NUT10002,'01904100',5.05,10.4,7,2.8,0,9.43,US
NUT10555,'02106900',3.05,10,8,1.7,0,0.68,US
NWY00026,'02936290',0.2,4.1,2,2,0,3.18,US
NWY10640,'02106900',0.15,4.3,2.1,2.1,0,0.82,US
NWY14560,'02106900',0.8,4,3,3,0,4.71,US
NWY15571,'02936290',0.3,4.6,2.6,2.6,0,3.12,US
NWY15653,'02106900',0.15,4.2,2.1,2.1,0,0.75,US
NWY45161,'02936290',0.15,3.4,1.8,1.8,0,1.44,US
OBN60010,'02936290',0.3,4.3,2.4,2.4,0,1.47,US
OBN60030,'02106900',0.2,4,1.3,1.3,0,1.05,US
OGR00002,'09603900',2.15,3,4.2,11.1,0,1.57,US
OLY00399,'02936290',0.8,5,2.7,2.7,0,8.20,US
OLY03029,'02106900',0.4,5,2.6,2.6,0,7.87,US
OLY03055,'02106900',0.45,4,2.2,2.2,0,4.48,US
OPN02036,'02936290',0.8,3.4,3.4,6.4,0,0.04,US
OPN02240,'02106900',1.25,6.9,4.9,4.9,0,1.50,US
OPN02290,'02936290',1.55,6.9,4.9,4.9,0,1.24,US
OPN02294,'02936290',1.55,6.9,4.9,4.9,0,0.99,US
OPN02313,'02106900',0.35,4.7,2.7,2.7,0,0.43,US
OPN02337,'02936290',1.55,6.9,4.9,4.9,0,1.37,US
OPN02384,'02106900',0.75,3,3,5.7,0,0.08,US
OPN02411,'02106900',2.35,10,5.9,5.9,0,1.12,US
OPN02413,'02106900',2.4,5.9,5.9,10,0,0.41,US
OPN02415,'02106900',2.4,10,5.9,5.9,0,0.54,US
OPN02417,'02106900',2.4,10,5.9,5.9,0,0.85,US
OPN02419,'02106900',2.4,10,5.9,5.9,0,0.35,US
OPN02423,'02106900',2.4,10,5.9,5.9,0,0.10,US
OPN02426,'02106900',2.4,9.9,5.9,5.9,0,1.94,US
OPN02427,'02106900',2.4,9.9,5.9,5.9,0,1.27,US
OPN02452,'02106900',0.45,3.1,3.1,5.6,0,0.48,US
OPN02522,'02936290',0.95,5.3,4.8,4.8,0,2.60,US
OPN02574,'02106900',2.9,7.8,4.9,4.9,0,0.29,US
OPN02624,'02106900',2.4,10,5.9,5.9,0,0.40,US
OPN02638,'02106900',4.05,7.1,7.1,10.3,0,0.38,US
OPN02639,'02106900',4.05,10.3,7,7,0,1.20,US
OPN02640,'02106900',4,6.8,6.8,10,0,1.97,US
OPN02642,'02106900',2.05,8.5,4.8,4.8,0,1.86,US
OPN02645,'02106900',5.65,8,8,11.1,0,5.60,US
OPN02683,'02106900',2.4,10,5.8,5.8,0,2.58,US
OPN02716,'02106900',3.4,10,5.9,5.9,0,1.56,US
OPN02717,'02106900',3.35,9.9,5.9,5.9,0,3.68,US
OPN02861,'02106900',2.4,5.9,5.9,10,0,0.07,US
OPN02862,'02106900',2.4,10,5.9,5.9,0,1.43,US
OPN02863,'02106900',2.4,5.9,5.9,10,0,0.28,US
OPN02864,'02106900',2.4,9.9,5.9,5.9,0,0.20,US
OPN02865,'02106900',2.4,5.9,5.9,10,0,0.27,US
OPN02866,'02106900',5.6,7.9,7.9,11.2,0,0.06,US
OPN02910,'02106900',2.5,7.7,4.9,4.9,0,0.34,US
OPN02985,'02106900',0.75,6.3,3.2,3.2,0,1.33,US
OPN02987,'02106900',2.4,9.9,5.9,5.9,0,0.30,US
OPN05057,'02106900',3.85,10.3,7.1,7.1,0,2.43,US
OPN05130,'02936290',1.55,6.9,4.9,4.9,0,1.86,US
OPN05131,'03504000',0.75,5.8,3.7,3.7,0,1.44,US
OPN05170,'02936290',0.8,3.7,3.7,6.5,0,1.44,US
OPN05195,'02106900',3.95,10.3,7.8,7.8,0,9.09,US
OPN05203,'02106900',2.05,5.9,5.9,9.9,0,7.00,US
OPN05204,'02106900',3.4,8,8,10.25,0,7.69,US
OPN05227,'02936290',0.55,5.6,3.1,3.1,0,0.01,US
OPN05269,'03504000',0.85,4.7,3.7,3.7,0,0.58,US
OPN05280,'03504000',0.85,4.7,3.7,3.7,0,1.20,US
ORE01981,'03401300',0.1,2.5,6.7,8,0,3.86,US
OVG02016,'02106900',0.3,2.4,2.4,4.5,0,0.52,US
PAI61000,'03304990',0.1,6.1,3.2,1.4,0,3.89,US
PAP30003,'03304990',0,0,0,0,0,10.00,US
PAR77777,'02106900',0.6,5.7,3.6,3.6,0,0.71,US
PAR77778,'02106900',1.1,5,5,7.1,0,0.12,US
PAR77799,'02106900',0.6,3.1,3.1,5.8,0,1.40,US
PAR77824,'02106900',1.1,7.1,4.8,4.8,0,7.69,US
PAR77851,'02106900',1.15,7.1,5.1,5.1,0,5.00,US
PDA07946,'01704900',0.5,4.9,3.2,1.7,0,0.65,US
PLF00160,'02106900',2.35,9.5,5.5,5.5,0,4.82,US
PLF00161,'02106900',2.35,5.5,5.5,9.6,0,4.22,US
PLF00195,'02106900',2.3,8.4,5.8,5.8,0,0.32,US
PLF00196,'02106900',2.3,8.5,5.7,5.7,0,0.49,US
PLF00197,'02106900',2.35,8.5,5.9,5.9,0,3.11,US
PLF00198,'02106900',2.4,8.5,5.9,5.9,0,1.02,US
PLF00199,'02106900',2.3,8.5,6,6,0,2.41,US
PPS00001,'02936290',0.25,6.1,1.6,2.6,0,18.32,US
PPS00035,'02936290',0.25,4.4,2.4,2.4,0,4.23,US
PSS21527,'03504000',0.25,4.7,2.2,2.1,0,2.19,US
PSS21588,'02106900',0.2,4.7,2.2,2.1,0,16.00,US
PSS22117,'02106900',0.2,4.7,2.2,2.1,0,1.82,US
PSS48035,'02106900',0.25,4.7,2.2,2.1,0,0.76,US
PSS64034,'03926900',1.1,6,5,5,0,10.00,US
PSS64093,'02936290',1.15,6,5,5,0,1.05,US
PSS64891,'02106900',0.15,4.7,2.2,2.1,0,2.50,US
PSS88264,'02936290',1.15,6,5,5,0,5.45,US
PSV40011,'03924100',0.2,2.9,4.9,4.9,0,6.00,US
PTF10203,'02106900',0.55,5,2.6,2.6,0,1.64,US
PTF10604,'02106900',0.15,3.9,2.3,2.3,0,2.07,US
PTF10616,'02936290',0.15,3.8,2.1,2.1,0,0.42,US
PTF10698,'04016990',0.15,4.4,2.4,2.4,0,3.75,US
PUR00702,'02936290',0.75,5,2.8,2.8,0,1.43,US
PUR00806,'02936270',0.9,5.1,2.7,2.7,0,6.92,US
PUR00902,'02936290',0.65,2.7,2.7,5.1,0,1.29,US
PUR01004,'02936290',1.65,6.1,3.4,3.4,0,1.25,US
PUR01105,'03003900',0.85,5,2.8,2.8,0,1.22,US
PUR01402,'02936270',0.9,5,2.7,2.7,0,1.42,US
PUR01502,'02936290',0.9,5,2.6,2.6,0,2.11,US
PUR01605,'02936270',0.9,5.2,2.6,2.6,0,6.35,US
PUR01705,'02936290',0.85,5,2.7,2.7,0,2.99,US
PUR03002,'02106900',1.05,4.5,3.5,3.5,0,18.97,US
PUR04101,'02309900',1.1,4.6,3.6,3.6,0,3.56,US
PUR04107,'02106900',1.05,3.7,3.7,4.6,0,1.78,US
PUR05002,'02936290',0.95,5.1,2.6,2.6,0,4.54,US
PUR06002,'02936270',0.95,5.1,2.7,2.7,0,3.85,US
PUR14001,'02936290',0.5,4.3,2.4,2.4,0,0.21,US
PWG00004,'01104290',2.85,7.5,4.2,4.2,0,15.99,US
PWG00041,'01104290',2.75,4.2,4.2,7.5,0,2.84,US
QBS00103,'02936290',0.1,3.7,2,2,0,0.56,US
QBS00110,'02936290',0.1,3.6,1.9,1.9,0,1.01,US
QLL00002,'02106900',0.15,4.1,2,2,0,0.05,US
QLL00345,'02936290',0.3,3.5,2,2,0,0.63,US
REA00228,'02106900',0,0,0,0,0,0.87,US
REA00237,'02936290',1.85,7.5,5.2,5.2,0,1.57,US
REA00281,'02106900',0.75,5.5,2.9,2.9,0,6.87,US
REA00287,'02936290',0.7,2.7,2.7,5.3,0,1.97,US
REA01834,'02106900',0.55,4.6,2.5,2.4,0,0.92,US
REA28190,'02106900',0.55,4.6,2.5,2.5,0,1.22,US
REA37217,'02106900',0.55,4.6,2.5,2.5,0,0.68,US
REA37219,'02106900',0.75,5.3,2.7,2.7,0,0.63,US
REN15350,'02106900',0.35,4.4,2.1,2.1,0,0.22,US
REN15658,'02106900',0.4,2.4,2.4,4.6,0,0.14,US
REN15670,'02106900',0.35,4.3,2.1,2.1,0,0.07,US
REN15865,'02106900',0.4,4.5,2.4,2.4,0,1.39,US
RIC07290,'03304990',0.2,0.6,4.8,6,0,6.82,US
RLT10013,'02936290',0.85,2.8,2.8,5.4,0,0.55,US
RLT10156,'02936290',1.25,5.5,3,3,0,0.55,US
RLT10474,'02936290',0.5,4.4,2.5,2.5,0,0.47,US
RLT10695,'02936290',0.6,5.3,2.9,2.9,0,0.48,US
RLT10704,'02936290',0.5,2.4,2.4,5,0,1.37,US
RLT10714,'02936290',0.55,5.1,2.9,2.9,0,0.51,US
RLT10883,'02936270',0.7,5.2,2.9,2.9,0,0.20,US
RLT10893,'02936290',0.5,2.8,2.8,5.3,0,0.04,US
RLT10976,'02936290',0.8,5.4,2.8,2.8,0,0.05,US
ROY10009,'02936290',0.4,5,2.6,2.6,0,10.60,US
SCC01151,'02002100',0.9,3.9,5.2,3.5,0,5.69,US
SCI00021,'02936290',1.2,6.8,3.7,3.7,0,0.93,US
SCI00022,'02936290',3.25,8.6,5.2,5.2,0,2.09,US
SCI00024,'02936290',2.9,5.5,5.5,8.7,0,3.60,US
SCI00025,'03504000',3.25,8.5,5.2,5.2,0,0.95,US
SCI00032,'02936290',3.1,8.5,5.2,5.2,0,8.18,US
SCI02028,'02936290',1.15,6.8,3.6,3.6,0,1.18,US
SCI02029,'02936290',3,8.6,5.2,5.2,0,1.29,US
SDN07584,'02936290',0.25,2.2,2.2,4.3,0,6.52,US
SFD02060,'02103900',0.3,6.3,4,0.9,0,7.50,US
SFD12114,'02103900',1.55,5.8,3.2,3.2,0,10.00,US
SGW00052,'02936290',0.45,5.6,3.1,3,0,3.46,US
SIB00261,'02106900',0.4,4.8,2.6,2.6,0,2.00,US
SIL18861,'06405200',2.3,8.9,3.5,3.5,0,0.79,US
SMS00201,'01905900',0.45,5.3,5,1.9,0,4.61,US
SNS00008,'02936290',0.3,4,2.2,2.2,0,5.00,US
SNS00010,'02936290',0.85,5.4,2.9,2.9,0,2.74,US
SNS00016,'02936290',0.45,4.6,2.5,2.5,0,4.96,US
SNS00043,'02936290',0.9,3.2,3.2,6.4,0,1.92,US
SNS00044,'02936290',0.9,6.1,3.2,3.2,0,1.15,US
SNS00056,'02106900',0.1,3.3,1.8,1.8,0,1.24,US
SNS00083,'02936290',0.55,5.3,2.8,2.8,0,13.70,US
SNS00101,'02936290',0.55,5.1,2.6,2.6,0,1.44,US
SNS00109,'02936290',0.55,5,2.6,2.6,0,2.58,US
SNS00173,'02936290',0.3,4.3,2.4,2.4,0,0.56,US
SNS00175,'02936290',0.35,4.6,2.5,2.5,0,0.18,US
SNS00193,'02106900',0.2,3.7,2,2,0,15.00,US
SNS00333,'01211900',0.1,3,1.6,1.6,0,0.63,US
SNS00528,'01211900',0.9,6.2,2.4,2.4,0,0.68,US
SNS00562,'02936290',0.15,3.3,1.8,1.8,0,14.87,US
SNS00581,'03004500',0.15,1.8,1.8,3.4,0,5.62,US
SNS00584,'03004500',0.2,3.4,1.8,1.8,0,2.15,US
SNS00655,'02106900',0.28,3.8,2.2,2.2,0,0.40,US
SNS00702,'02936290',0.55,5.6,3,3,0,1.29,US
SNS00871,'02309900',0.3,4,2.2,2.2,0,7.87,US
SNS01335,'02936290',0.15,2.1,3.4,4.8,0,0.98,US
SNS01382,'02106900',0.65,5.3,2.6,2.6,0,2.79,US
SNS01459,'02936290',0.15,3.3,1.8,1.8,0,0.29,US
SNS01507,'03304990',0.6,5.2,2.8,2.8,0,0.64,US
SNS01610,'02106900',0.45,4.6,2.5,2.5,0,13.08,US
SNS01674,'01211900',0.1,3.4,1.8,1.8,0,6.28,US
SNS01691,'02936290',0.45,5.3,2.9,2.9,0,1.27,US
SNS01717,'03003900',0.1,3.3,1.8,1.8,0,9.59,US
SNS01800,'03404900',0.4,4.4,2.3,2.3,0,1.00,US
SNS01887,'02936290',0.05,3,1.7,1.7,0,0.78,US
SNS01917,'02936270',0.75,5.7,3.1,3.1,0,4.88,US
SNS01920,'02936290',0.8,5.5,3,3,0,1.27,US
SNS01953,'02936270',0.7,5.5,3,3,0,0.90,US
SNS02024,'02936290',0.5,5,2.6,2.6,0,4.77,US
SNS02044,'02936290',0.45,5.3,2.7,2.7,0,0.18,US
SNS02050,'02936290',1.05,6.2,3,3,0,0.58,US
SNS02096,'03507900',0.9,6.6,3.4,3.4,0,3.33,US
SNS02150,'02936290',0.05,1.8,3.8,0.6,0,4.64,US
SNS02166,'02106900',0.25,4.4,2.4,2.4,0,0.97,US
SNS02332,'03507900',0.2,4.4,2.4,2.4,0,20.83,US
SNS02353,'02106900',0.85,5.5,3.1,3.1,0,14.25,US
SNS02376,'02936290',0.2,1.9,1.9,3.6,0,7.14,US
SNS02421,'02106900',0.35,4.3,2.4,2.4,0,1.17,US
SNS02424,'02106900',0.3,4.6,2.5,2.5,0,1.35,US
SNS02426,'02106900',0.25,3.9,2.2,2.2,0,12.75,US
SNS02455,'02936290',0.1,3.3,1.8,1.8,0,1.25,US
SNS02486,'02106900',0.45,5.3,2.9,2.9,0,0.37,US
SNS02519,'02936290',0.1,3,1.7,1.7,0,1.61,US
SOL01151,'02936290',1.15,5.8,3.1,3.1,0,0.25,US
SOL01153,'02106900',1.2,5.2,2.8,2.9,0,0.01,US
SOL01183,'02936290',1.4,5.7,3.2,3.1,0,0.09,US
SOL01288,'02106900',1.1,5.4,3,3,0,0.58,US
SOL01296,'02106900',2,6.4,3.5,3.5,0,0.37,US
SOL01317,'02106900',1,5,2.6,2.6,0,0.11,US
SOL01714,'02936290',1.5,6,3.2,3.2,0,0.79,US
SOL01912,'02936290',0.9,5.4,2.9,2.9,0,0.52,US
SOL02071,'02936290',0.75,4.7,2.6,2.6,0,1.08,US
SOL02072,'02936290',1.2,5.5,2.9,2.8,0,1.64,US
SOL02208,'02936290',0.55,4.4,2.3,2.3,0,0.09,US
SOL02306,'01211900',0.25,3.3,1.8,1.8,0,0.12,US
SOL03566,'02936290',0.85,5,2.7,2.7,0,0.17,US
SOL50498,'02936290',0.45,4.1,2.2,2.2,0,0.13,US
SOL54956,'02202100',0.3,3.3,1.8,1.8,0,1.00,US
SPC00020,'01806900',0.2,5.8,2.8,0.4,0,2.24,US
SPN00121,'02936290',0.95,5.5,3.5,3.9,0,29.75,US
SPN00126,'02106900',0.95,5.5,3.5,3.7,0,3.33,US
SPN00127,'02936290',0.95,5.5,3.5,3.9,0,10.55,US
SPN00132,'02936290',1.05,6.3,3.3,3.3,0,4.36,US
SPN00133,'02936290',1.05,3.2,3.2,6.2,0,1.94,US
SPN00187,'02936290',1.15,6.2,3.2,3.2,0,7.35,US
SPN00190,'02936290',1.05,5.7,3.6,3.9,0,2.33,US
SPN00191,'02936290',0.85,5.5,3.8,3.5,0,13.98,US
SPN00232,'02936290',1.25,6.1,3.2,3.2,0,1.28,US
SSN17545,'03304990',0.05,6,3,1,0,2.32,US
SSV23237,'02106900',1.8,6.8,3,3,0,0.27,US
SSV23238,'02106900',3.3,8.5,3.9,3.8,0,0.80,US
SUK00071,'03304990',0.15,1.6,2.1,2.1,0,1.02,US
SUK00093,'03304990',0.15,3.6,1.5,1.5,0,2.12,US
SUW51469,'02106900',2.6,9.1,5.7,5.6,0,0.79,US
SUW51479,'02106900',2.55,9.2,5.8,5.5,0,0.32,US
SUW51489,'02106900',2.5,9.2,5.6,5.6,0,0.27,US
SUW58719,'02106900',2.6,9.2,5.8,5.6,0,0.90,US
SUW58809,'02106900',2.55,5.7,5.7,9.3,0,0.39,US
SUW58819,'02106900',2.5,9.1,5.5,5.5,0,0.32,US
SUW64239,'02936290',0.25,4.4,2.5,2.5,0,2.20,US
SUW64629,'02936290',0.65,7.5,2,2,0,0.90,US
SYM04006,'02936290',0.1,3.9,2.2,2.2,0,0.30,US
SYM04022,'02106900',1.65,5.5,5.5,7.7,0,0.93,US
SYN00400,'02106900',1.6,6.5,3.5,3.5,0,1.25,US
SYN00430,'06106100',0.75,2.6,2.6,4.7,0,0.27,US
SYN00431,'06404190',0.75,2.6,2.6,4.7,0,0.58,US
THR00214,'00902300',1.6,7,5,5,0,1.07,US
THR00315,'02106900',3.6,9.5,6.4,6.4,0,0.56,US
THR00316,'02106900',3.4,9.6,6.4,6.4,0,0.35,US
THR00468,'02936290',1,6.6,7,6.5,0,0.90,US
THR00469,'02936290',0.85,6.6,3.5,3.5,0,0.68,US
THR00506,'02936290',0.5,2.8,2.8,5.4,0,0.18,US
THR00606,'02936290',0.55,5.3,2.7,2.7,0,21.99,US
THR00706,'02936290',0.5,2.9,2.9,5.5,0,1.46,US
THR01107,'02936290',0.9,6.5,3.5,3.5,0,9.00,US
THR01205,'02309100',0.65,6.5,3.4,3.4,0,0.44,US
THR01406,'02936290',0.65,3,3,5.5,0,0.70,US
THR01605,'02936290',0.65,5.5,3,3,0,1.31,US
THR01706,'02936290',0.55,5.3,2.8,2.8,0,1.24,US
THR09937,'02106900',0.25,5,2.5,2.5,0,30.00,US
THR09940,'02106900',0.35,5,2.6,2.6,0,10.00,US
THR13201,'02936290',0.05,1.6,1.6,2.9,0,1.86,US
THR17001,'02936290',0.15,1.2,1.2,3.8,0,7.42,US
THR30001,'01211900',0.15,3.9,2,2,0,0.90,US
THR40102,'02936290',0.35,5,2.6,2.6,0,0.14,US
THR50801,'02936290',0.1,3.8,2,2,0,3.67,US
THR51902,'02936290',0.9,4.5,3.6,3.6,0,14.50,US
THR52601,'02936290',0.45,5.2,2.9,2.9,0,0.82,US
THR61001,'02106900',0.45,5,2.5,2.5,0,2.82,US
THR62401,'02936290',0.25,3.8,2.2,2.2,0,0.47,US
THR64003,'02936290',2.55,7.7,5.5,5.5,0,0.72,US
THR64501,'02936290',2.4,7.7,5.5,5.5,0,12.00,US
THR64601,'02936290',2.75,10.1,5.9,5.9,0,7.50,US
THR66001,'01211900',0.15,3.8,1.5,1.5,0,1.37,US
THR71502,'02936290',0.15,3.9,2,2,0,0.89,US
THR73702,'02936290',0.15,3.9,2,2,0,2.15,US
THR73802,'02936290',0.2,4.4,2.2,2.2,0,1.85,US
THR74102,'02936290',0.45,5.2,2.9,2.9,0,25.25,US
THR77802,'01211900',0.45,3.7,3.6,3.6,0,3.20,US
TMR00077,'02106900',2.55,8.5,3.5,3.5,0,3.37,US
TPC11304,'02106900',1.05,5.5,2.3,2.3,0,10.00,US
TWL00287,'02936290',1.25,5.8,3.1,3.1,0,0.62,US
TWL00470,'03404900',0.75,5,2.7,2.7,0,2.35,US
TWL03064,'03404900',0.75,5,2.7,2.7,0,9.79,US
TWL03388,'02936290',2.75,8.9,3.2,3.2,0,8.71,US
UNN01032,'02106900',3.45,10.5,5.9,5.9,0,5.32,US
UNN01033,'02106900',3.45,10.5,5.9,5.9,0,10.64,US
UNN01558,'02106900',5.55,10.4,8,8,0,17.79,US
UNN01616,'02106900',5.55,10.4,8,8,0,29.65,US
UNN01648,'02106900',5.55,10.4,7.9,7.9,0,6.35,US
UNN03011,'02106900',1.75,4.1,4.1,7,0,0.04,US
UNN03014,'02106900',0.7,5.6,4.1,4.1,0,0.21,US
UNN03023,'02106900',0.55,5.5,4,4,0,0.24,US
UNN03028,'02106900',0.65,5.5,4.1,4.1,0,0.64,US
UNN03032,'02106900',0.4,5.6,4.1,4.1,0,2.04,US
UNN03035,'02936290',1.05,7,4.1,4.1,0,2.14,US
UNN03054,'03504000',0.9,7,4.1,4.1,0,0.40,US
UNN03055,'02106900',1.05,5.6,4.1,4.1,0,0.98,US
UNN04091,'02106900',2.75,7.3,4.9,4.9,0,7.81,US
UNN04238,'02309900',1.25,6.5,4,4,0,2.50,US
UNN04392,'02106900',1.15,4.9,3.6,3.6,0,0.47,US
UNN04534,'02936290',1.55,5.5,4.1,4.1,0,5.61,US
UNN04820,'02106900',0.3,4.3,2.8,2.8,0,0.60,US
UNN04847,'03504000',2.15,7.5,5,5,0,2.52,US
UNN04848,'03504000',2.15,7.5,5,5,0,5.30,US
UNN05154,'02936290',0.7,4.7,3.6,3.6,0,42.98,US
UNN05207,'02936290',2.5,7.3,4.8,4.8,0,7.95,US
UNN05214,'02936290',2.5,4.8,4.8,7.3,0,4.61,US
UNN05246,'02936290',2.5,4.9,4.9,7.5,0,1.82,US
UNN06062,'02106900',0.9,4.9,3.6,3.6,0,14.90,US
VAX00536,'02936290',0.2,3.9,2.2,2.2,0,47.50,US
VBH80004,'02106900',1.95,6.6,5,5,0,0.47,US
VBH80060,'02936290',1.9,6.5,4.9,4.9,0,12.83,US
VBH80061,'02106900',1.3,6.5,4.9,4.9,0,3.44,US
VBH80086,'02106900',2.5,5.1,5.1,7.1,0,0.97,US
VBH80100,'02936290',1.9,6.5,4.7,4.7,0,1.67,US
VBH80128,'02936290',2.1,6.6,4.9,4.9,0,3.20,US
VEG00520,'02106900',2.3,9.4,5.2,5.2,0,0.67,US
VEG00521,'02106900',2.25,9.4,5,5,0,2.41,US
VEG00522,'02106900',2.25,9.2,5.2,5.2,0,1.19,US
VEG00523,'02106900',2.3,9.3,5,5,0,2.59,US
VEG00524,'02106900',2.2,9.1,5,5,0,0.67,US
VEG00610,'02106900',0.65,6.8,5.8,2,0,4.37,US
VEG00901,'02106900',1.4,7.2,3.7,3.7,0,0.92,US
VFS00235,'02106900',0.5,2.7,2.7,4.9,0,19.44,US
VTW03681,'02103900',0.15,4,1.2,1.2,0,2.72,US
WAK11141,'00703200',0.25,5.9,2.6,2.6,0,1.29,US
WAK11241,'00703200',0.2,3.8,2.3,2.3,0,37.48,US
WAK60044,'02106900',0.9,5.5,3,3,0,1.46,US
WAK61042,'02106900',0.5,4.4,2.4,2.4,0,0.57,US
WAK70051,'02936290',0.8,6.4,3.6,3.6,0,2.22,US
WEL00171,'02106900',2.6,10.7,6.6,2.7,0,1.86,US
WEL00173,'02106900',2.6,9,6.4,4,0,5.71,US
WEL00175,'02106900',2.7,10.5,2,6.6,0,2.67,US
WFC01003,'03504000',2.6,9.7,5.5,5.5,0,11.45,US
WFC01006,'03504000',2.6,9.7,5.5,5.5,0,4.91,US
WFC01009,'02936290',2.6,9.7,5.4,5.4,0,8.59,US
WFC01013,'02106900',2.35,7.5,4,4,0,3.12,US
WWB00102,'02106900',0.35,4.7,2.7,2.7,0,0.31,US
